INSERT INTO Produtos (Nome, Descricao, Preco, QuantidadeEstoque, Categoria, Marca, ImagemProduto, FichaTecnica) VALUES
('Notebook Dell Inspiron 15', 'Notebook Dell Inspiron 15, processador Intel Core i5, 8GB RAM, 256GB SSD, tela de 15.6 polegadas.', 3599.99, 20, 'Informática', 'Dell', 'dell_inspiron_15.jpg', 'Ficha técnica do Notebook Dell Inspiron 15'),
('Notebook Lenovo Ideapad 3', 'Notebook Lenovo Ideapad 3, processador AMD Ryzen 5, 12GB RAM, 1TB HDD, tela de 14 polegadas.', 3199.00, 15, 'Informática', 'Lenovo', 'lenovo_ideapad_3.jpg', 'Ficha técnica do Notebook Lenovo Ideapad 3'),
('Notebook ASUS Vivobook X512JA', 'Notebook ASUS Vivobook X512JA, processador Intel Core i3, 4GB RAM, 256GB SSD, tela de 15.6 polegadas.', 2499.90, 10, 'Informática', 'ASUS', 'asus_vivobook_x512ja.jpg', 'Ficha técnica do Notebook ASUS Vivobook X512JA'),
('Smartphone Samsung Galaxy S21', 'Smartphone Samsung Galaxy S21, câmera tripla de 64MP, processador Exynos 2100, 8GB RAM, 128GB de armazenamento.', 4299.00, 25, 'Telefonia', 'Samsung', 'samsung_galaxy_s21.jpg', 'Ficha técnica do Samsung Galaxy S21'),
('Smartphone iPhone 13', 'Smartphone iPhone 13, câmera dupla de 12MP, processador A15 Bionic, 128GB de armazenamento, tela de 6.1 polegadas.', 5799.99, 18, 'Telefonia', 'Apple', 'iphone_13.jpg', 'Ficha técnica do iPhone 13'),
('Tablet Samsung Galaxy Tab S7', 'Tablet Samsung Galaxy Tab S7, tela de 11 polegadas, 6GB RAM, 128GB de armazenamento, S Pen incluída.', 3499.00, 22, 'Informática', 'Samsung', 'samsung_galaxy_tab_s7.jpg', 'Ficha técnica do Tablet Samsung Galaxy Tab S7'),
('Monitor LG 27GL850-B', 'Monitor LG 27GL850-B, 27 polegadas, resolução 1440p, 144Hz, tempo de resposta de 1ms, compatível com G-SYNC.', 2799.00, 12, 'Informática', 'LG', 'lg_27gl850b.jpg', 'Ficha técnica do Monitor LG 27GL850-B'),
('Mouse Gamer Logitech G502 Hero', 'Mouse Gamer Logitech G502 Hero, sensor Hero 25K, 11 botões programáveis, RGB, 16000 DPI.', 299.90, 28, 'Acessórios', 'Logitech', 'logitech_g502_hero.jpg', 'Ficha técnica do Mouse Gamer Logitech G502 Hero'),
('Teclado Mecânico Corsair K95 RGB Platinum XT', 'Teclado Mecânico Corsair K95 RGB Platinum XT, switches Cherry MX Speed, iluminação RGB, descanso de pulso removível.', 899.99, 20, 'Acessórios', 'Corsair', 'corsair_k95_rgb_platinum_xt.jpg', 'Ficha técnica do Teclado Mecânico Corsair K95 RGB Platinum XT'),
('Headset HyperX Cloud Alpha S', 'Headset HyperX Cloud Alpha S, drivers de 50mm, som surround 7.1 virtual, microfone removível, almofadas de espuma memory foam.', 549.00, 30, 'Acessórios', 'HyperX', 'hyperx_cloud_alpha_s.jpg', 'Ficha técnica do Headset HyperX Cloud Alpha S'),
('Webcam Logitech C920s Pro HD', 'Webcam Logitech C920s Pro HD, resolução Full HD 1080p, campo de visão de 78 graus, correção de luz automática.', 399.90, 15, 'Acessórios', 'Logitech', 'logitech_c920s_pro_hd.jpg', 'Ficha técnica da Webcam Logitech C920s Pro HD'),
('Roteador Wi-Fi TP-Link Archer C6', 'Roteador Wi-Fi TP-Link Archer C6, dual band AC1200, 4 antenas externas, cobertura de até 1200 metros quadrados.', 299.00, 18, 'Informática', 'TP-Link', 'tplink_archer_c6.jpg', 'Ficha técnica do Roteador Wi-Fi TP-Link Archer C6'),
('Caixa de Som Bluetooth JBL Flip 5', 'Caixa de Som Bluetooth JBL Flip 5, à prova d\'água, até 12 horas de reprodução, graves profundos.', 499.99, 24, 'Áudio', 'JBL', 'jbl_flip_5.jpg', 'Ficha técnica da Caixa de Som Bluetooth JBL Flip 5'),
('Hub USB Anker 10 Portas', 'Hub USB Anker 10 Portas, transferência de dados de alta velocidade, compatível com USB 3.0 e 2.0.', 199.00, 16, 'Acessórios', 'Anker', 'anker_hub_usb.jpg', 'Ficha técnica do Hub USB Anker 10 Portas'),
('HD Externo Seagate Expansion 2TB', 'HD Externo Seagate Expansion 2TB, USB 3.0, compatível com Windows e Mac, design portátil.', 599.90, 20, 'Armazenamento', 'Seagate', 'seagate_expansion_2tb.jpg', 'Ficha técnica do HD Externo Seagate Expansion 2TB'),
('Cabo HDMI 2.1 Ultra HD 8K', 'Cabo HDMI 2.1 Ultra HD 8K, compatível com 3D, HDR, ARC, Dolby Vision, 3 metros de comprimento.', 79.90, 27, 'Acessórios', 'Genérico', 'cabo_hdmi_8k.jpg', 'Ficha técnica do Cabo HDMI 2.1 Ultra HD 8K'),
('Kit Teclado e Mouse Wireless Logitech MK270', 'Kit Teclado e Mouse Wireless Logitech MK270, alcance de até 10 metros, bateria de longa duração.', 179.99, 14, 'Acessórios', 'Logitech', 'logitech_mk270.jpg', 'Ficha técnica do Kit Teclado e Mouse Wireless Logitech MK270'),
('Pendrive SanDisk Cruzer Blade 64GB', 'Pendrive SanDisk Cruzer Blade 64GB, USB 2.0, design compacto e elegante, fácil de transportar.', 49.90, 23, 'Armazenamento', 'SanDisk', 'sandisk_cruzer_blade_64gb.jpg', 'Ficha técnica do Pendrive SanDisk Cruzer Blade 64GB'),
('Cadeira Gamer DT3 Sports GT Racing Pro', 'Cadeira Gamer DT3 Sports GT Racing Pro, reclinável, ajuste de altura, apoio de braço 4D, almofadas removíveis.', 1499.00, 19, 'Acessórios', 'DT3 Sports', 'dt3_sports_gaming_chair.jpg', 'Ficha técnica da Cadeira Gamer DT3 Sports GT Racing Pro');


-- Tabela de Endereços
INSERT INTO Enderecos (IDCliente, Endereco, Cidade, Estado, CEP, Pais) VALUES
(1, 'Rua das Flores, 123', 'São Paulo', 'SP', '01010-000', 'Brasil'),
(2, 'Avenida Central, 456', 'Rio de Janeiro', 'RJ', '20000-000', 'Brasil'),
(3, 'Rua das Palmeiras, 789', 'Belo Horizonte', 'MG', '30000-000', 'Brasil'),
(4, 'Rua das Gaivotas, 321', 'Salvador', 'BA', '40000-000', 'Brasil'),
(5, 'Avenida dos Coqueiros, 567', 'Fortaleza', 'CE', '60000-000', 'Brasil'),
(6, 'Rua das Flores, 123', 'São Paulo', 'SP', '01010-000', 'Brasil'),
(7, 'Avenida Central, 456', 'Rio de Janeiro', 'RJ', '20000-000', 'Brasil'),
(8, 'Rua das Palmeiras, 789', 'Belo Horizonte', 'MG', '30000-000', 'Brasil'),
(9, 'Rua das Gaivotas, 321', 'Salvador', 'BA', '40000-000', 'Brasil'),
(10, 'Avenida dos Coqueiros, 567', 'Fortaleza', 'CE', '60000-000', 'Brasil'),
(11, 'Rua das Flores, 123', 'São Paulo', 'SP', '01010-000', 'Brasil'),
(12, 'Avenida Central, 456', 'Rio de Janeiro', 'RJ', '20000-000', 'Brasil'),
(13, 'Rua das Palmeiras, 789', 'Belo Horizonte', 'MG', '30000-000', 'Brasil'),
(14, 'Rua das Gaivotas, 321', 'Salvador', 'BA', '40000-000', 'Brasil'),
(15, 'Avenida dos Coqueiros, 567', 'Fortaleza', 'CE', '60000-000', 'Brasil'),
(16, 'Rua das Flores, 123', 'São Paulo', 'SP', '01010-000', 'Brasil'),
(17, 'Avenida Central, 456', 'Rio de Janeiro', 'RJ', '20000-000', 'Brasil'),
(18, 'Rua das Palmeiras, 789', 'Belo Horizonte', 'MG', '30000-000', 'Brasil'),
(19, 'Rua das Gaivotas, 321', 'Salvador', 'BA', '40000-000', 'Brasil'),
(20, 'Avenida dos Coqueiros, 567', 'Fortaleza', 'CE', '60000-000', 'Brasil');

-- Tabela de Usuários
INSERT INTO Usuarios (Email, Nome, Sobrenome, Senha, Genero, DataNascimento, Telefone) VALUES
('usuario1@example.com', 'Maria', 'Silva', 'hashedpassword1', 'Feminino', '1990-05-15', '+55 (11) 91234-5678'),
('usuario2@example.com', 'João', 'Santos', 'hashedpassword2', 'Masculino', '1985-08-20', '+55 (21) 98765-4321'),
('usuario3@example.com', 'Ana', 'Oliveira', 'hashedpassword3', 'Feminino', '1992-12-10', '+55 (31) 99876-5432'),
('usuario4@example.com', 'Pedro', 'Souza', 'hashedpassword4', 'Masculino', '1988-03-25', '+55 (71) 92345-6789'),
('usuario5@example.com', 'Carla', 'Ferreira', 'hashedpassword5', 'Feminino', '1987-11-30', '+55 (85) 98765-4321'),
('usuario6@example.com', 'Lucas', 'Costa', 'hashedpassword6', 'Masculino', '1995-07-12', '+55 (11) 93456-7890'),
('usuario7@example.com', 'Fernanda', 'Pereira', 'hashedpassword7', 'Feminino', '1991-09-18', '+55 (21) 91234-5678'),
('usuario8@example.com', 'Marcos', 'Rodrigues', 'hashedpassword8', 'Masculino', '1986-04-05', '+55 (31) 99876-5432'),
('usuario9@example.com', 'Juliana', 'Almeida', 'hashedpassword9', 'Feminino', '1994-02-22', '+55 (71) 92345-6789'),
('usuario10@example.com', 'Rafael', 'Gomes', 'hashedpassword10', 'Masculino', '1989-10-07', '+55 (85) 98765-4321'),
('usuario11@example.com', 'Patrícia', 'Martins', 'hashedpassword11', 'Feminino', '1993-06-28', '+55 (11) 93456-7890'),
('usuario12@example.com', 'Gustavo', 'Lima', 'hashedpassword12', 'Masculino', '1984-01-14', '+55 (21) 91234-5678'),
('usuario13@example.com', 'Mariana', 'Fernandes', 'hashedpassword13', 'Feminino', '1996-08-03', '+55 (31) 99876-5432'),
('usuario14@example.com', 'Diego', 'Nascimento', 'hashedpassword14', 'Masculino', '1983-11-17', '+55 (71) 92345-6789'),
('usuario15@example.com', 'Aline', 'Carvalho', 'hashedpassword15', 'Feminino', '1997-04-19', '+55 (85) 98765-4321'),
('usuario16@example.com', 'Felipe', 'Pereira', 'hashedpassword16', 'Masculino', '1982-12-08', '+55 (11) 93456-7890'),
('usuario17@example.com', 'Vanessa', 'Silveira', 'hashedpassword17', 'Feminino', '1998-03-27', '+55 (21) 91234-5678'),
('usuario18@example.com', 'Alexandre', 'Oliveira', 'hashedpassword18', 'Masculino', '1981-09-13', '+55 (31) 99876-5432'),
('usuario19@example.com', 'Laura', 'Santana', 'hashedpassword19', 'Feminino', '1999-07-06', '+55 (71) 92345-6789'),
('usuario20@example.com', 'Eduardo', 'Martinez', 'hashedpassword20', 'Masculino', '1980-02-01', '+55 (85) 98765-4321');

-- Tabela de Pedidos
INSERT INTO Pedidos (IDCliente, DataPedido, StatusPedido, TotalPedido, MetodoPagamento, EnderecoEntrega, DetalhesEnvio) VALUES
(1, '2024-04-01 10:30:00', 'Em processamento', 1500.00, 'Cartão de crédito', 'Rua das Flores, 123 - São Paulo, SP', 'Entregar entre 8h e 18h'),
(2, '2024-04-02 14:45:00', 'Em processamento', 3000.00, 'Boleto bancário', 'Avenida Central, 456 - Rio de Janeiro, RJ', 'Entregar entre 9h e 19h'),
(3, '2024-04-03 09:20:00', 'Enviado', 500.00, 'Cartão de débito', 'Rua das Palmeiras, 789 - Belo Horizonte, MG', 'Entregar entre 10h e 20h'),
(4, '2024-04-04 11:10:00', 'Entregue', 800.00, 'Transferência bancária', 'Rua das Gaivotas, 321 - Salvador, BA', 'Entregar entre 11h e 21h'),
(5, '2024-04-05 08:00:00', 'Entregue', 2500.00, 'Pix', 'Avenida dos Coqueiros, 567 - Fortaleza, CE', 'Entregar entre 12h e 22h'),
(6, '2024-04-06 16:20:00', 'Em processamento', 1000.00, 'Cartão de crédito', 'Rua das Flores, 123 - São Paulo, SP', 'Entregar entre 13h e 23h'),
(7, '2024-04-07 13:15:00', 'Em processamento', 1800.00, 'Boleto bancário', 'Avenida Central, 456 - Rio de Janeiro, RJ', 'Entregar entre 14h e 24h'),
(8, '2024-04-08 10:50:00', 'Enviado', 700.00, 'Cartão de débito', 'Rua das Palmeiras, 789 - Belo Horizonte, MG', 'Entregar entre 15h e 1h'),
(9, '2024-04-09 12:40:00', 'Entregue', 1200.00, 'Transferência bancária', 'Rua das Gaivotas, 321 - Salvador, BA', 'Entregar entre 16h e 2h'),
(10, '2024-04-10 07:35:00', 'Entregue', 1800.00, 'Pix', 'Avenida dos Coqueiros, 567 - Fortaleza, CE', 'Entregar entre 17h e 3h'),
(11, '2024-04-11 14:00:00', 'Em processamento', 2100.00, 'Cartão de crédito', 'Rua das Flores, 123 - São Paulo, SP', 'Entregar entre 18h e 4h'),
(12, '2024-04-12 09:55:00', 'Em processamento', 2800.00, 'Boleto bancário', 'Avenida Central, 456 - Rio de Janeiro, RJ', 'Entregar entre 19h e 5h'),
(13, '2024-04-13 11:25:00', 'Enviado', 1600.00, 'Cartão de débito', 'Rua das Palmeiras, 789 - Belo Horizonte, MG', 'Entregar entre 20h e 6h'),
(14, '2024-04-14 08:15:00', 'Entregue', 3500.00, 'Transferência bancária', 'Rua das Gaivotas, 321 - Salvador, BA', 'Entregar entre 21h e 7h'),
(15, '2024-04-15 15:30:00', 'Entregue', 4200.00, 'Pix', 'Avenida dos Coqueiros, 567 - Fortaleza, CE', 'Entregar entre 22h e 8h'),
(16, '2024-04-16 13:45:00', 'Em processamento', 900.00, 'Cartão de crédito', 'Rua das Flores, 123 - São Paulo, SP', 'Entregar entre 23h e 9h'),
(17, '2024-04-17 10:10:00', 'Em processamento', 1300.00, 'Boleto bancário', 'Avenida Central, 456 - Rio de Janeiro, RJ', 'Entregar entre 0h e 10h'),
(18, '2024-04-18 12:20:00', 'Enviado', 2700.00, 'Cartão de débito', 'Rua das Palmeiras, 789 - Belo Horizonte, MG', 'Entregar entre 1h e 11h'),
(19, '2024-04-19 07:05:00', 'Entregue', 1900.00, 'Transferência bancária', 'Rua das Gaivotas, 321 - Salvador, BA', 'Entregar entre 2h e 12h'),
(20, '2024-04-20 14:50:00', 'Entregue', 3800.00, 'Pix', 'Avenida dos Coqueiros, 567 - Fortaleza, CE', 'Entregar entre 3h e 13h');

-- Tabela de Itens do Pedido
INSERT INTO ItensPedido (IDPedido, IDProduto, Quantidade, PrecoUnitario) VALUES
(1, 1, 2, 750.00),
(1, 3, 1, 350.00),
(2, 2, 3, 1000.00),
(2, 4, 2, 500.00),
(3, 3, 1, 200.00),
(4, 5, 4, 200.00),
(5, 1, 1, 1000.00),
(6, 6, 2, 400.00),
(7, 2, 3, 600.00),
(8, 3, 1, 350.00),
(9, 4, 2, 400.00),
(10, 5, 4, 300.00),
(11, 6, 1, 200.00),
(12, 1, 2, 700.00),
(13, 2, 3, 800.00),
(14, 3, 1, 450.00),
(15, 4, 2, 500.00),
(16, 5, 3, 600.00),
(17, 6, 1, 200.00),
(18, 1, 2, 700.00),
(19, 2, 3, 800.00),
(20, 3, 1, 450.00);

-- Tabela de Carrinho de Compras
INSERT INTO CarrinhoCompras (IDCliente, DataHoraCriacaoCarrinho) VALUES
(1, '2024-04-01 10:00:00'),
(2, '2024-04-02 11:00:00'),
(3, '2024-04-03 12:00:00'),
(4, '2024-04-04 13:00:00'),
(5, '2024-04-05 14:00:00'),
(6, '2024-04-06 15:00:00'),
(7, '2024-04-07 16:00:00'),
(8, '2024-04-08 17:00:00'),
(9, '2024-04-09 18:00:00'),
(10, '2024-04-10 19:00:00'),
(11, '2024-04-11 20:00:00'),
(12, '2024-04-12 21:00:00'),
(13, '2024-04-13 22:00:00'),
(14, '2024-04-14 23:00:00'),
(15, '2024-04-15 00:00:00'),
(16, '2024-04-16 01:00:00'),
(17, '2024-04-17 02:00:00'),
(18, '2024-04-18 03:00:00'),
(19, '2024-04-19 04:00:00'),
(20, '2024-04-20 05:00:00');

-- Tabela de Avaliações
INSERT INTO Avaliacoes (IDProduto, IDCliente, Comentario, URLVideo, Classificacao, DataAvaliacao) VALUES
(1, 1, 'Ótimo produto, recomendo!', 'https://www.youtube.com/watch?v=abcdefg', 5, '2024-04-01 12:00:00'),
(1, 2, 'Produto muito bom, atendeu minhas expectativas', '', 4, '2024-04-02 13:00:00'),
(2, 3, 'Excelente notebook, rápido e leve!', 'https://www.youtube.com/watch?v=hijklmn', 5, '2024-04-03 14:00:00'),
(2, 4, 'Gostei muito do produto, bonito design', '', 4, '2024-04-04 15:00:00'),
(3, 5, 'Celular incrível, câmera ótima', 'https://www.youtube.com/watch?v=opqrstuv', 5, '2024-04-05 16:00:00'),
(3, 6, 'Atendeu todas as minhas necessidades', '', 4, '2024-04-06 17:00:00'),
(4, 7, 'Produto de qualidade, recomendo!', 'https://www.youtube.com/watch?v=wxyz123', 5, '2024-04-07 18:00:00'),
(4, 8, 'Muito satisfeito com a compra', '', 4, '2024-04-08 19:00:00'),
(5, 9, 'Acessório muito útil, recomendo', 'https://www.youtube.com/watch?v=1234567', 5, '2024-04-09 20:00:00'),
(5, 10, 'Gostei muito, excelente qualidade', '', 4, '2024-04-10 21:00:00'),
(6, 11, 'Ótimo produto, atendeu minhas expectativas', 'https://www.youtube.com/watch?v=8910111', 5, '2024-04-11 22:00:00'),
(6, 12, 'Produto muito bom, recomendo', '', 4, '2024-04-12 23:00:00'),
(7, 13, 'Excelente serviço, entrega rápida', 'https://www.youtube.com/watch?v=1213141', 5, '2024-04-13 00:00:00'),
(7, 14, 'Gostei muito do produto, recomendo', '', 4, '2024-04-14 01:00:00'),
(8, 15, 'Celular incrível, atendeu minhas necessidades', 'https://www.youtube.com/watch?v=5161718', 5, '2024-04-15 02:00:00'),
(8, 16, 'Produto de qualidade, recomendo!', '', 4, '2024-04-16 03:00:00'),
(9, 17, 'Ótimo serviço, recomendo a todos', 'https://www.youtube.com/watch?v=1920212', 5, '2024-04-17 04:00:00'),
(9, 18, 'Produto muito bom, atendeu minhas expectativas', '', 4, '2024-04-18 05:00:00'),
(10, 19, 'Excelente produto, recomendo', 'https://www.youtube.com/watch?v=2223242', 5, '2024-04-19 06:00:00'),
(10, 20, 'Gostei muito do produto, entrega rápida', '', 4, '2024-04-20 07:00:00');

-- Tabela de Categorias
INSERT INTO Categorias (NomeCategoria, IDCategoriaPai) VALUES
('Eletrônicos', NULL),
('Computadores', 1),
('Notebooks', 1),
('Celulares', 1),
('Acessórios', 1),
('Periféricos', 1),
('Monitores', 1),
('Impressoras', 1),
('Tablets', 1),
('Smartwatches', 1),
('Fones de Ouvido', 1),
('Armazenamento', 1),
('Softwares', 1),
('Gamer', 1),
('Hardware', 1),
('Redes', 1);


-- Tabela de Itens do Carrinho
INSERT INTO ItensCarrinho (IDCarrinho, IDProduto, Quantidade, PrecoUnitario, URLImagem, DescricaoProduto) VALUES
(1, 1, 1, 5000.00, 'url-imagem1.jpg', 'Computador Dell XPS 15 - Intel Core i7, 16GB RAM, SSD 512GB'),
(1, 2, 2, 2500.00, 'url-imagem2.jpg', 'Notebook Lenovo ThinkPad X1 Carbon - Intel Core i5, 8GB RAM, SSD 256GB'),
(2, 3, 1, 1500.00, 'url-imagem3.jpg', 'Smartphone Samsung Galaxy S21 Ultra - 5G, 256GB'),
(2, 4, 3, 500.00, 'url-imagem4.jpg', 'Teclado Mecânico HyperX Alloy Origins - Switch Cherry MX Red'),
(3, 5, 2, 100.00, 'url-imagem5.jpg', 'Mouse Gamer Logitech G502 Hero - 16000 DPI'),
(3, 6, 1, 300.00, 'url-imagem6.jpg', 'Monitor Dell Ultrasharp U2719D - 27 polegadas, 1440p'),
(4, 7, 1, 400.00, 'url-imagem7.jpg', 'Roteador TP-Link Archer C6 - Dual Band AC1200'),
(4, 8, 2, 150.00, 'url-imagem8.jpg', 'Adaptador USB-C para HDMI - 4K, 60Hz'),
(5, 9, 3, 50.00, 'url-imagem9.jpg', 'Cabo HDMI 2.0 - 3 metros'),
(5, 10, 1, 200.00, 'url-imagem10.jpg', 'Caixa de Som Bluetooth JBL Charge 4 - 30W RMS');

